condition,axis,rater_pairs,pct_exact,pct_within_1
expert_labeled,accuracy_1_5,104,81.73076923076923,100.0
expert_labeled,completeness_1_5,104,75.0,95.1923076923077
expert_labeled,added_errors_1_5,104,88.46153846153845,100.0
expert_neutral,accuracy_1_5,306,80.71895424836602,99.01960784313727
expert_neutral,completeness_1_5,306,74.83660130718954,99.01960784313727
expert_neutral,added_errors_1_5,306,83.00653594771242,97.7124183006536
layperson,accuracy_1_5,77,98.7012987012987,100.0
layperson,completeness_1_5,77,96.1038961038961,100.0
layperson,added_errors_1_5,77,100.0,100.0
